legacy_url,new_url,status
https://kajabi-site.com/,https://peakmentality.com/,301
https://kajabi-site.com/about,https://peakmentality.com/about,301
https://kajabi-site.com/services/executive-coaching,https://peakmentality.com/executive-coaching-services,301
https://kajabi-site.com/services/workshops,https://peakmentality.com/team-workshops,301
https://kajabi-site.com/speaking,https://peakmentality.com/speaking,301
https://kajabi-site.com/case-studies,https://peakmentality.com/case-studies/case-studies-and-results,301
https://kajabi-site.com/blog/5-ways-to-improve-focus,https://peakmentality.com/resources/5-ways-to-improve-focus-for-high-performers,301
https://kajabi-site.com/blog/mental-models-for-better-decisions,https://peakmentality.com/resources/mental-models-for-better-decisions,301
https://kajabi-site.com/contact,https://peakmentality.com/contact,301
